<?xml version="1.0" encoding="UTF-8"?>
<metadata xml:lang="en"><Esri><CreaDate>20230725</CreaDate><CreaTime>17551100</CreaTime><ArcGISFormat>1.0</ArcGISFormat><SyncOnce>FALSE</SyncOnce><DataProperties><itemProps><itemName Sync="TRUE">mask</itemName><imsContentType Sync="TRUE">002</imsContentType><itemSize Sync="TRUE">0.000</itemSize><itemLocation><linkage Sync="TRUE">file://\\RT16961\C$\rdrs\hru\mask.shp</linkage><protocol Sync="TRUE">Local Area Network</protocol></itemLocation></itemProps><coordRef><type Sync="TRUE">Geographic</type><geogcsn Sync="TRUE">GCS_WGS_1984</geogcsn><csUnits Sync="TRUE">Angular Unit: Degree (0.017453)</csUnits><peXml Sync="TRUE">&lt;GeographicCoordinateSystem xsi:type='typens:GeographicCoordinateSystem' xmlns:xsi='http://www.w3.org/2001/XMLSchema-instance' xmlns:xs='http://www.w3.org/2001/XMLSchema' xmlns:typens='http://www.esri.com/schemas/ArcGIS/3.0.0'&gt;&lt;WKT&gt;GEOGCS[&amp;quot;GCS_WGS_1984&amp;quot;,DATUM[&amp;quot;D_WGS_1984&amp;quot;,SPHEROID[&amp;quot;WGS_1984&amp;quot;,6378137.0,298.257223563]],PRIMEM[&amp;quot;Greenwich&amp;quot;,0.0],UNIT[&amp;quot;Degree&amp;quot;,0.0174532925199433],AUTHORITY[&amp;quot;EPSG&amp;quot;,4326]]&lt;/WKT&gt;&lt;XOrigin&gt;-400&lt;/XOrigin&gt;&lt;YOrigin&gt;-400&lt;/YOrigin&gt;&lt;XYScale&gt;11258999068426.238&lt;/XYScale&gt;&lt;ZOrigin&gt;-100000&lt;/ZOrigin&gt;&lt;ZScale&gt;10000&lt;/ZScale&gt;&lt;MOrigin&gt;-100000&lt;/MOrigin&gt;&lt;MScale&gt;10000&lt;/MScale&gt;&lt;XYTolerance&gt;8.983152841195215e-09&lt;/XYTolerance&gt;&lt;ZTolerance&gt;0.001&lt;/ZTolerance&gt;&lt;MTolerance&gt;0.001&lt;/MTolerance&gt;&lt;HighPrecision&gt;true&lt;/HighPrecision&gt;&lt;LeftLongitude&gt;-180&lt;/LeftLongitude&gt;&lt;WKID&gt;4326&lt;/WKID&gt;&lt;LatestWKID&gt;4326&lt;/LatestWKID&gt;&lt;/GeographicCoordinateSystem&gt;</peXml></coordRef><lineage><Process ToolSource="c:\program files\arcgis\pro\Resources\ArcToolbox\toolboxes\Conversion Tools.tbx\ExportFeatures" Date="20230725" Time="175511">ExportFeatures finalcat_hru_info C:\rdrs\hru\mask.shp # NOT_USE_ALIAS "SubId "SubId" true true false 18 Double 0 18,First,#,finalcat_hru_info,SubId,-1,-1;HRU_IsLake "HRU_IsLake" true true false 18 Double 0 18,First,#,finalcat_hru_info,HRU_IsLake,-1,-1;Landuse_ID "Landuse_ID" true true false 18 Double 0 18,First,#,finalcat_hru_info,Landuse_ID,-1,-1;Veg_ID "Veg_ID" true true false 18 Double 0 18,First,#,finalcat_hru_info,Veg_ID,-1,-1;Soil_ID "Soil_ID" true true false 18 Double 0 18,First,#,finalcat_hru_info,Soil_ID,-1,-1;O_ID_1 "O_ID_1" true true false 18 Double 0 18,First,#,finalcat_hru_info,O_ID_1,-1,-1;O_ID_2 "O_ID_2" true true false 18 Double 0 18,First,#,finalcat_hru_info,O_ID_2,-1,-1;HRU_CenX "HRU_CenX" true true false 24 Double 15 23,First,#,finalcat_hru_info,HRU_CenX,-1,-1;HRU_CenY "HRU_CenY" true true false 24 Double 15 23,First,#,finalcat_hru_info,HRU_CenY,-1,-1;HRU_Area "HRU_Area" true true false 24 Double 15 23,First,#,finalcat_hru_info,HRU_Area,-1,-1;HRU_ID "HRU_ID" true true false 18 Double 0 18,First,#,finalcat_hru_info,HRU_ID,-1,-1;LAND_USE_C "LAND_USE_C" true true false 80 Text 0 0,First,#,finalcat_hru_info,LAND_USE_C,0,80;SOIL_PROF "SOIL_PROF" true true false 80 Text 0 0,First,#,finalcat_hru_info,SOIL_PROF,0,80;VEG_C "VEG_C" true true false 80 Text 0 0,First,#,finalcat_hru_info,VEG_C,0,80;DowSubId "DowSubId" true true false 18 Double 0 18,First,#,finalcat_hru_info,DowSubId,-1,-1;RivSlope "RivSlope" true true false 24 Double 15 23,First,#,finalcat_hru_info,RivSlope,-1,-1;RivLength "RivLength" true true false 24 Double 15 23,First,#,finalcat_hru_info,RivLength,-1,-1;BasSlope "BasSlope" true true false 24 Double 15 23,First,#,finalcat_hru_info,BasSlope,-1,-1;BasAspect "BasAspect" true true false 24 Double 15 23,First,#,finalcat_hru_info,BasAspect,-1,-1;BasArea "BasArea" true true false 24 Double 15 23,First,#,finalcat_hru_info,BasArea,-1,-1;BkfWidth "BkfWidth" true true false 24 Double 15 23,First,#,finalcat_hru_info,BkfWidth,-1,-1;BkfDepth "BkfDepth" true true false 24 Double 15 23,First,#,finalcat_hru_info,BkfDepth,-1,-1;Lake_Cat "Lake_Cat" true true false 18 Double 0 18,First,#,finalcat_hru_info,Lake_Cat,-1,-1;HyLakeId "HyLakeId" true true false 18 Double 0 18,First,#,finalcat_hru_info,HyLakeId,-1,-1;LakeVol "LakeVol" true true false 24 Double 15 23,First,#,finalcat_hru_info,LakeVol,-1,-1;LakeDepth "LakeDepth" true true false 24 Double 15 23,First,#,finalcat_hru_info,LakeDepth,-1,-1;LakeArea "LakeArea" true true false 24 Double 15 23,First,#,finalcat_hru_info,LakeArea,-1,-1;Laketype "Laketype" true true false 18 Double 0 18,First,#,finalcat_hru_info,Laketype,-1,-1;Has_Gauge "Has_Gauge" true true false 18 Double 0 18,First,#,finalcat_hru_info,Has_Gauge,-1,-1;MeanElev "MeanElev" true true false 24 Double 15 23,First,#,finalcat_hru_info,MeanElev,-1,-1;FloodP_n "FloodP_n" true true false 24 Double 15 23,First,#,finalcat_hru_info,FloodP_n,-1,-1;Q_Mean "Q_Mean" true true false 24 Double 15 23,First,#,finalcat_hru_info,Q_Mean,-1,-1;Ch_n "Ch_n" true true false 24 Double 15 23,First,#,finalcat_hru_info,Ch_n,-1,-1;DrainArea "DrainArea" true true false 24 Double 15 23,First,#,finalcat_hru_info,DrainArea,-1,-1;Strahler "Strahler" true true false 18 Double 0 18,First,#,finalcat_hru_info,Strahler,-1,-1;Seg_ID "Seg_ID" true true false 18 Double 0 18,First,#,finalcat_hru_info,Seg_ID,-1,-1;Seg_order "Seg_order" true true false 18 Double 0 18,First,#,finalcat_hru_info,Seg_order,-1,-1;Max_DEM "Max_DEM" true true false 24 Double 15 23,First,#,finalcat_hru_info,Max_DEM,-1,-1;Min_DEM "Min_DEM" true true false 24 Double 15 23,First,#,finalcat_hru_info,Min_DEM,-1,-1;DA_Obs "DA_Obs" true true false 24 Double 15 23,First,#,finalcat_hru_info,DA_Obs,-1,-1;DA_error "DA_error" true true false 24 Double 15 23,First,#,finalcat_hru_info,DA_error,-1,-1;Obs_NM "Obs_NM" true true false 80 Text 0 0,First,#,finalcat_hru_info,Obs_NM,0,80;SRC_obs "SRC_obs" true true false 80 Text 0 0,First,#,finalcat_hru_info,SRC_obs,0,80;centroid_x "centroid_x" true true false 24 Double 15 23,First,#,finalcat_hru_info,centroid_x,-1,-1;centroid_y "centroid_y" true true false 24 Double 15 23,First,#,finalcat_hru_info,centroid_y,-1,-1;HRU_S_mean "HRU_S_mean" true true false 24 Double 15 23,First,#,finalcat_hru_info,HRU_S_mean,-1,-1;HRU_A_mean "HRU_A_mean" true true false 24 Double 15 23,First,#,finalcat_hru_info,HRU_A_mean,-1,-1;HRU_E_mean "HRU_E_mean" true true false 24 Double 15 23,First,#,finalcat_hru_info,HRU_E_mean,-1,-1;HRU_A_G "HRU_A_G" true true false 24 Double 15 23,First,#,finalcat_hru_info,HRU_A_G,-1,-1" #</Process></lineage></DataProperties><SyncDate>20230725</SyncDate><SyncTime>17551100</SyncTime><ModDate>20230725</ModDate><ModTime>17551100</ModTime></Esri><dataIdInfo><envirDesc Sync="TRUE">Microsoft Windows 10 Version 10.0 (Build 22621) ; Esri ArcGIS 13.0.2.36056</envirDesc><dataLang><languageCode value="eng" Sync="TRUE"></languageCode><countryCode value="USA" Sync="TRUE"></countryCode></dataLang><idCitation><resTitle Sync="TRUE">mask</resTitle><presForm><PresFormCd value="005" Sync="TRUE"></PresFormCd></presForm></idCitation><spatRpType><SpatRepTypCd value="001" Sync="TRUE"></SpatRepTypCd></spatRpType></dataIdInfo><mdLang><languageCode value="eng" Sync="TRUE"></languageCode><countryCode value="USA" Sync="TRUE"></countryCode></mdLang><mdChar><CharSetCd value="004" Sync="TRUE"></CharSetCd></mdChar><distInfo><distFormat><formatName Sync="TRUE">Shapefile</formatName></distFormat><distTranOps><transSize Sync="TRUE">0.000</transSize></distTranOps></distInfo><mdHrLv><ScopeCd value="005" Sync="TRUE"></ScopeCd></mdHrLv><mdHrLvName Sync="TRUE">dataset</mdHrLvName><refSysInfo><RefSystem><refSysID><identCode code="4326" Sync="TRUE"></identCode><idCodeSpace Sync="TRUE">EPSG</idCodeSpace><idVersion Sync="TRUE">6.2(3.0.1)</idVersion></refSysID></RefSystem></refSysInfo><spatRepInfo><VectSpatRep><geometObjs Name="mask"><geoObjTyp><GeoObjTypCd value="002" Sync="TRUE"></GeoObjTypCd></geoObjTyp><geoObjCnt Sync="TRUE">0</geoObjCnt></geometObjs><topLvl><TopoLevCd value="001" Sync="TRUE"></TopoLevCd></topLvl></VectSpatRep></spatRepInfo><spdoinfo><ptvctinf><esriterm Name="mask"><efeatyp Sync="TRUE">Simple</efeatyp><efeageom code="4" Sync="TRUE"></efeageom><esritopo Sync="TRUE">FALSE</esritopo><efeacnt Sync="TRUE">0</efeacnt><spindex Sync="TRUE">FALSE</spindex><linrefer Sync="TRUE">FALSE</linrefer></esriterm></ptvctinf></spdoinfo><eainfo><detailed Name="mask"><enttyp><enttypl Sync="TRUE">mask</enttypl><enttypt Sync="TRUE">Feature Class</enttypt><enttypc Sync="TRUE">0</enttypc></enttyp><attr><attrlabl Sync="TRUE">FID</attrlabl><attalias Sync="TRUE">FID</attalias><attrtype Sync="TRUE">OID</attrtype><attwidth Sync="TRUE">4</attwidth><atprecis Sync="TRUE">0</atprecis><attscale Sync="TRUE">0</attscale><attrdef Sync="TRUE">Internal feature number.</attrdef><attrdefs Sync="TRUE">Esri</attrdefs><attrdomv><udom Sync="TRUE">Sequential unique whole numbers that are automatically generated.</udom></attrdomv></attr><attr><attrlabl Sync="TRUE">Shape</attrlabl><attalias Sync="TRUE">Shape</attalias><attrtype Sync="TRUE">Geometry</attrtype><attwidth Sync="TRUE">0</attwidth><atprecis Sync="TRUE">0</atprecis><attscale Sync="TRUE">0</attscale><attrdef Sync="TRUE">Feature geometry.</attrdef><attrdefs Sync="TRUE">Esri</attrdefs><attrdomv><udom Sync="TRUE">Coordinates defining the features.</udom></attrdomv></attr><attr><attrlabl Sync="TRUE">SubId</attrlabl><attalias Sync="TRUE">SubId</attalias><attrtype Sync="TRUE">Double</attrtype><attwidth Sync="TRUE">18</attwidth><atprecis Sync="TRUE">18</atprecis><attscale Sync="TRUE">0</attscale></attr><attr><attrlabl Sync="TRUE">HRU_IsLake</attrlabl><attalias Sync="TRUE">HRU_IsLake</attalias><attrtype Sync="TRUE">Double</attrtype><attwidth Sync="TRUE">18</attwidth><atprecis Sync="TRUE">18</atprecis><attscale Sync="TRUE">0</attscale></attr><attr><attrlabl Sync="TRUE">Landuse_ID</attrlabl><attalias Sync="TRUE">Landuse_ID</attalias><attrtype Sync="TRUE">Double</attrtype><attwidth Sync="TRUE">18</attwidth><atprecis Sync="TRUE">18</atprecis><attscale Sync="TRUE">0</attscale></attr><attr><attrlabl Sync="TRUE">Veg_ID</attrlabl><attalias Sync="TRUE">Veg_ID</attalias><attrtype Sync="TRUE">Double</attrtype><attwidth Sync="TRUE">18</attwidth><atprecis Sync="TRUE">18</atprecis><attscale Sync="TRUE">0</attscale></attr><attr><attrlabl Sync="TRUE">Soil_ID</attrlabl><attalias Sync="TRUE">Soil_ID</attalias><attrtype Sync="TRUE">Double</attrtype><attwidth Sync="TRUE">18</attwidth><atprecis Sync="TRUE">18</atprecis><attscale Sync="TRUE">0</attscale></attr><attr><attrlabl Sync="TRUE">O_ID_1</attrlabl><attalias Sync="TRUE">O_ID_1</attalias><attrtype Sync="TRUE">Double</attrtype><attwidth Sync="TRUE">18</attwidth><atprecis Sync="TRUE">18</atprecis><attscale Sync="TRUE">0</attscale></attr><attr><attrlabl Sync="TRUE">O_ID_2</attrlabl><attalias Sync="TRUE">O_ID_2</attalias><attrtype Sync="TRUE">Double</attrtype><attwidth Sync="TRUE">18</attwidth><atprecis Sync="TRUE">18</atprecis><attscale Sync="TRUE">0</attscale></attr><attr><attrlabl Sync="TRUE">HRU_CenX</attrlabl><attalias Sync="TRUE">HRU_CenX</attalias><attrtype Sync="TRUE">Double</attrtype><attwidth Sync="TRUE">19</attwidth><atprecis Sync="TRUE">18</atprecis><attscale Sync="TRUE">15</attscale></attr><attr><attrlabl Sync="TRUE">HRU_CenY</attrlabl><attalias Sync="TRUE">HRU_CenY</attalias><attrtype Sync="TRUE">Double</attrtype><attwidth Sync="TRUE">19</attwidth><atprecis Sync="TRUE">18</atprecis><attscale Sync="TRUE">15</attscale></attr><attr><attrlabl Sync="TRUE">HRU_Area</attrlabl><attalias Sync="TRUE">HRU_Area</attalias><attrtype Sync="TRUE">Double</attrtype><attwidth Sync="TRUE">19</attwidth><atprecis Sync="TRUE">18</atprecis><attscale Sync="TRUE">15</attscale></attr><attr><attrlabl Sync="TRUE">HRU_ID</attrlabl><attalias Sync="TRUE">HRU_ID</attalias><attrtype Sync="TRUE">Double</attrtype><attwidth Sync="TRUE">18</attwidth><atprecis Sync="TRUE">18</atprecis><attscale Sync="TRUE">0</attscale></attr><attr><attrlabl Sync="TRUE">LAND_USE_C</attrlabl><attalias Sync="TRUE">LAND_USE_C</attalias><attrtype Sync="TRUE">String</attrtype><attwidth Sync="TRUE">80</attwidth><atprecis Sync="TRUE">0</atprecis><attscale Sync="TRUE">0</attscale></attr><attr><attrlabl Sync="TRUE">SOIL_PROF</attrlabl><attalias Sync="TRUE">SOIL_PROF</attalias><attrtype Sync="TRUE">String</attrtype><attwidth Sync="TRUE">80</attwidth><atprecis Sync="TRUE">0</atprecis><attscale Sync="TRUE">0</attscale></attr><attr><attrlabl Sync="TRUE">VEG_C</attrlabl><attalias Sync="TRUE">VEG_C</attalias><attrtype Sync="TRUE">String</attrtype><attwidth Sync="TRUE">80</attwidth><atprecis Sync="TRUE">0</atprecis><attscale Sync="TRUE">0</attscale></attr><attr><attrlabl Sync="TRUE">DowSubId</attrlabl><attalias Sync="TRUE">DowSubId</attalias><attrtype Sync="TRUE">Double</attrtype><attwidth Sync="TRUE">18</attwidth><atprecis Sync="TRUE">18</atprecis><attscale Sync="TRUE">0</attscale></attr><attr><attrlabl Sync="TRUE">RivSlope</attrlabl><attalias Sync="TRUE">RivSlope</attalias><attrtype Sync="TRUE">Double</attrtype><attwidth Sync="TRUE">19</attwidth><atprecis Sync="TRUE">18</atprecis><attscale Sync="TRUE">15</attscale></attr><attr><attrlabl Sync="TRUE">RivLength</attrlabl><attalias Sync="TRUE">RivLength</attalias><attrtype Sync="TRUE">Double</attrtype><attwidth Sync="TRUE">19</attwidth><atprecis Sync="TRUE">18</atprecis><attscale Sync="TRUE">15</attscale></attr><attr><attrlabl Sync="TRUE">BasSlope</attrlabl><attalias Sync="TRUE">BasSlope</attalias><attrtype Sync="TRUE">Double</attrtype><attwidth Sync="TRUE">19</attwidth><atprecis Sync="TRUE">18</atprecis><attscale Sync="TRUE">15</attscale></attr><attr><attrlabl Sync="TRUE">BasAspect</attrlabl><attalias Sync="TRUE">BasAspect</attalias><attrtype Sync="TRUE">Double</attrtype><attwidth Sync="TRUE">19</attwidth><atprecis Sync="TRUE">18</atprecis><attscale Sync="TRUE">15</attscale></attr><attr><attrlabl Sync="TRUE">BasArea</attrlabl><attalias Sync="TRUE">BasArea</attalias><attrtype Sync="TRUE">Double</attrtype><attwidth Sync="TRUE">19</attwidth><atprecis Sync="TRUE">18</atprecis><attscale Sync="TRUE">15</attscale></attr><attr><attrlabl Sync="TRUE">BkfWidth</attrlabl><attalias Sync="TRUE">BkfWidth</attalias><attrtype Sync="TRUE">Double</attrtype><attwidth Sync="TRUE">19</attwidth><atprecis Sync="TRUE">18</atprecis><attscale Sync="TRUE">15</attscale></attr><attr><attrlabl Sync="TRUE">BkfDepth</attrlabl><attalias Sync="TRUE">BkfDepth</attalias><attrtype Sync="TRUE">Double</attrtype><attwidth Sync="TRUE">19</attwidth><atprecis Sync="TRUE">18</atprecis><attscale Sync="TRUE">15</attscale></attr><attr><attrlabl Sync="TRUE">Lake_Cat</attrlabl><attalias Sync="TRUE">Lake_Cat</attalias><attrtype Sync="TRUE">Double</attrtype><attwidth Sync="TRUE">18</attwidth><atprecis Sync="TRUE">18</atprecis><attscale Sync="TRUE">0</attscale></attr><attr><attrlabl Sync="TRUE">HyLakeId</attrlabl><attalias Sync="TRUE">HyLakeId</attalias><attrtype Sync="TRUE">Double</attrtype><attwidth Sync="TRUE">18</attwidth><atprecis Sync="TRUE">18</atprecis><attscale Sync="TRUE">0</attscale></attr><attr><attrlabl Sync="TRUE">LakeVol</attrlabl><attalias Sync="TRUE">LakeVol</attalias><attrtype Sync="TRUE">Double</attrtype><attwidth Sync="TRUE">19</attwidth><atprecis Sync="TRUE">18</atprecis><attscale Sync="TRUE">15</attscale></attr><attr><attrlabl Sync="TRUE">LakeDepth</attrlabl><attalias Sync="TRUE">LakeDepth</attalias><attrtype Sync="TRUE">Double</attrtype><attwidth Sync="TRUE">19</attwidth><atprecis Sync="TRUE">18</atprecis><attscale Sync="TRUE">15</attscale></attr><attr><attrlabl Sync="TRUE">LakeArea</attrlabl><attalias Sync="TRUE">LakeArea</attalias><attrtype Sync="TRUE">Double</attrtype><attwidth Sync="TRUE">19</attwidth><atprecis Sync="TRUE">18</atprecis><attscale Sync="TRUE">15</attscale></attr><attr><attrlabl Sync="TRUE">Laketype</attrlabl><attalias Sync="TRUE">Laketype</attalias><attrtype Sync="TRUE">Double</attrtype><attwidth Sync="TRUE">18</attwidth><atprecis Sync="TRUE">18</atprecis><attscale Sync="TRUE">0</attscale></attr><attr><attrlabl Sync="TRUE">Has_Gauge</attrlabl><attalias Sync="TRUE">Has_Gauge</attalias><attrtype Sync="TRUE">Double</attrtype><attwidth Sync="TRUE">18</attwidth><atprecis Sync="TRUE">18</atprecis><attscale Sync="TRUE">0</attscale></attr><attr><attrlabl Sync="TRUE">MeanElev</attrlabl><attalias Sync="TRUE">MeanElev</attalias><attrtype Sync="TRUE">Double</attrtype><attwidth Sync="TRUE">19</attwidth><atprecis Sync="TRUE">18</atprecis><attscale Sync="TRUE">15</attscale></attr><attr><attrlabl Sync="TRUE">FloodP_n</attrlabl><attalias Sync="TRUE">FloodP_n</attalias><attrtype Sync="TRUE">Double</attrtype><attwidth Sync="TRUE">19</attwidth><atprecis Sync="TRUE">18</atprecis><attscale Sync="TRUE">15</attscale></attr><attr><attrlabl Sync="TRUE">Q_Mean</attrlabl><attalias Sync="TRUE">Q_Mean</attalias><attrtype Sync="TRUE">Double</attrtype><attwidth Sync="TRUE">19</attwidth><atprecis Sync="TRUE">18</atprecis><attscale Sync="TRUE">15</attscale></attr><attr><attrlabl Sync="TRUE">Ch_n</attrlabl><attalias Sync="TRUE">Ch_n</attalias><attrtype Sync="TRUE">Double</attrtype><attwidth Sync="TRUE">19</attwidth><atprecis Sync="TRUE">18</atprecis><attscale Sync="TRUE">15</attscale></attr><attr><attrlabl Sync="TRUE">DrainArea</attrlabl><attalias Sync="TRUE">DrainArea</attalias><attrtype Sync="TRUE">Double</attrtype><attwidth Sync="TRUE">19</attwidth><atprecis Sync="TRUE">18</atprecis><attscale Sync="TRUE">15</attscale></attr><attr><attrlabl Sync="TRUE">Strahler</attrlabl><attalias Sync="TRUE">Strahler</attalias><attrtype Sync="TRUE">Double</attrtype><attwidth Sync="TRUE">18</attwidth><atprecis Sync="TRUE">18</atprecis><attscale Sync="TRUE">0</attscale></attr><attr><attrlabl Sync="TRUE">Seg_ID</attrlabl><attalias Sync="TRUE">Seg_ID</attalias><attrtype Sync="TRUE">Double</attrtype><attwidth Sync="TRUE">18</attwidth><atprecis Sync="TRUE">18</atprecis><attscale Sync="TRUE">0</attscale></attr><attr><attrlabl Sync="TRUE">Seg_order</attrlabl><attalias Sync="TRUE">Seg_order</attalias><attrtype Sync="TRUE">Double</attrtype><attwidth Sync="TRUE">18</attwidth><atprecis Sync="TRUE">18</atprecis><attscale Sync="TRUE">0</attscale></attr><attr><attrlabl Sync="TRUE">Max_DEM</attrlabl><attalias Sync="TRUE">Max_DEM</attalias><attrtype Sync="TRUE">Double</attrtype><attwidth Sync="TRUE">19</attwidth><atprecis Sync="TRUE">18</atprecis><attscale Sync="TRUE">15</attscale></attr><attr><attrlabl Sync="TRUE">Min_DEM</attrlabl><attalias Sync="TRUE">Min_DEM</attalias><attrtype Sync="TRUE">Double</attrtype><attwidth Sync="TRUE">19</attwidth><atprecis Sync="TRUE">18</atprecis><attscale Sync="TRUE">15</attscale></attr><attr><attrlabl Sync="TRUE">DA_Obs</attrlabl><attalias Sync="TRUE">DA_Obs</attalias><attrtype Sync="TRUE">Double</attrtype><attwidth Sync="TRUE">19</attwidth><atprecis Sync="TRUE">18</atprecis><attscale Sync="TRUE">15</attscale></attr><attr><attrlabl Sync="TRUE">DA_error</attrlabl><attalias Sync="TRUE">DA_error</attalias><attrtype Sync="TRUE">Double</attrtype><attwidth Sync="TRUE">19</attwidth><atprecis Sync="TRUE">18</atprecis><attscale Sync="TRUE">15</attscale></attr><attr><attrlabl Sync="TRUE">Obs_NM</attrlabl><attalias Sync="TRUE">Obs_NM</attalias><attrtype Sync="TRUE">String</attrtype><attwidth Sync="TRUE">80</attwidth><atprecis Sync="TRUE">0</atprecis><attscale Sync="TRUE">0</attscale></attr><attr><attrlabl Sync="TRUE">SRC_obs</attrlabl><attalias Sync="TRUE">SRC_obs</attalias><attrtype Sync="TRUE">String</attrtype><attwidth Sync="TRUE">80</attwidth><atprecis Sync="TRUE">0</atprecis><attscale Sync="TRUE">0</attscale></attr><attr><attrlabl Sync="TRUE">centroid_x</attrlabl><attalias Sync="TRUE">centroid_x</attalias><attrtype Sync="TRUE">Double</attrtype><attwidth Sync="TRUE">19</attwidth><atprecis Sync="TRUE">18</atprecis><attscale Sync="TRUE">15</attscale></attr><attr><attrlabl Sync="TRUE">centroid_y</attrlabl><attalias Sync="TRUE">centroid_y</attalias><attrtype Sync="TRUE">Double</attrtype><attwidth Sync="TRUE">19</attwidth><atprecis Sync="TRUE">18</atprecis><attscale Sync="TRUE">15</attscale></attr><attr><attrlabl Sync="TRUE">HRU_S_mean</attrlabl><attalias Sync="TRUE">HRU_S_mean</attalias><attrtype Sync="TRUE">Double</attrtype><attwidth Sync="TRUE">19</attwidth><atprecis Sync="TRUE">18</atprecis><attscale Sync="TRUE">15</attscale></attr><attr><attrlabl Sync="TRUE">HRU_A_mean</attrlabl><attalias Sync="TRUE">HRU_A_mean</attalias><attrtype Sync="TRUE">Double</attrtype><attwidth Sync="TRUE">19</attwidth><atprecis Sync="TRUE">18</atprecis><attscale Sync="TRUE">15</attscale></attr><attr><attrlabl Sync="TRUE">HRU_E_mean</attrlabl><attalias Sync="TRUE">HRU_E_mean</attalias><attrtype Sync="TRUE">Double</attrtype><attwidth Sync="TRUE">19</attwidth><atprecis Sync="TRUE">18</atprecis><attscale Sync="TRUE">15</attscale></attr><attr><attrlabl Sync="TRUE">HRU_A_G</attrlabl><attalias Sync="TRUE">HRU_A_G</attalias><attrtype Sync="TRUE">Double</attrtype><attwidth Sync="TRUE">19</attwidth><atprecis Sync="TRUE">18</atprecis><attscale Sync="TRUE">15</attscale></attr></detailed></eainfo><mdDateSt Sync="TRUE">20230725</mdDateSt></metadata>
